passenger_count,trip_distance,pickup_longitude,pickup_latitude,dropoff_longitude,dropoff_latitude,fare_amount,extra,mta_tax,tip_amount,tolls_amount,total_amount
1,1.55,-73.98768616,40.72425079,-73.97376251,40.74337769,7.5,0.5,0.5,0,0,8.8
3,1.2,-73.99156952,40.72693253,-74.00410461,40.72108078,7,0.5,0.5,0,0,8.3
1,2.4,-73.98191833,40.78344345,-73.95235443,40.7981987,10.5,0.5,0.5,0,0,11.8
1,7.3,-73.97312164,40.74355316,-73.91957092,40.83200073,21.5,0.5,0.5,0,0,22.8
1,0.4,-73.9829483,40.76620865,-73.98439026,40.76405334,3.5,0.5,0.5,0,0,4.8
1,0.71,-73.98249817,40.76401901,-73.97464752,40.75777817,5,0.5,0.5,0,0,6.3
1,1.6,-73.97216034,40.75934601,-73.98607635,40.74014664,7.5,0.5,0.5,1.2,0,10
1,0.52,-73.97267914,40.79328918,-73.97128296,40.79706192,4,0.5,0.5,0.9,0,6.2
3,6.23,-74.01148987,40.70272827,-73.95947266,40.76288223,18.5,0.5,0.5,3.8,0,23.6
1,5.88,-73.92871857,40.74388885,-73.85521698,40.72777939,75,0,0,5,0,80.3
1,3.48,-73.97440338,40.75531387,-73.98099518,40.72119522,15,0.5,0.5,3.1,0,19.4
1,1,-73.97702026,40.75225067,-73.97756195,40.76288223,5,0.5,0.5,3,0,9.3
1,4.85,-73.9910202,40.77024841,-73.98125458,40.72077942,19.5,0.5,0.5,4,0,24.8
1,1.11,-73.99394989,40.74130249,-73.9811554,40.74437714,6,0.5,0.5,1.3,0,8.6
2,1.6,-74.00710297,40.73452377,-73.98330688,40.73035431,9,0.5,0.5,2.06,0,12.36
1,0.8,-73.96234131,40.75907516,-73.95800018,40.76951599,5,0.5,0.5,0,0,6.3
3,1.17,-73.99810028,40.72270584,-73.98537445,40.73083878,5.5,0.5,0.5,1.2,0,8
1,4.4,-73.99004364,40.73695755,-73.95030975,40.77384186,16,0.5,0.5,3,0,20.3
1,0.7,-73.9720459,40.76399994,-73.9645462,40.77301407,4.5,0.5,0.5,0,0,5.8
2,1.32,-73.99137115,40.74979782,-73.97595978,40.74900055,8.5,0.5,0.5,0,0,9.8
1,1.22,-73.97652435,40.76441574,-73.9871521,40.75515366,7.5,0.5,0.5,0,0,8.8
1,0,-74.00200653,40.72984695,-74.00164032,40.73048782,52,0,0.5,0,0,52.8
1,1.36,-73.95059967,40.77576828,-73.96440887,40.76398087,6.5,0.5,0.5,0,0,7.8
1,1.8,-73.98234558,40.77684402,-73.97091675,40.80011368,7.5,0.5,0.5,1.75,0,10.55
1,1.4,-73.9751358,40.75242233,-73.98447418,40.76400375,8,0.5,0.5,1.86,0,11.16
2,2.2,-73.98303986,40.76785278,-73.95342255,40.7735405,11.5,0.5,0.5,2.56,0,15.36
1,1.7,-73.94753265,40.7827301,-73.96818542,40.79072571,8.5,0.5,0.5,1.95,0,11.75
2,2.1,-73.98716736,40.73312759,-73.98215485,40.75624847,10,0.5,0.5,2,0,13.3
1,3.83,-73.96496582,40.75581741,-73.98939514,40.74060822,16.5,0.5,0.5,1,0,18.8
2,0.95,-74.0042038,40.7321434,-73.99698639,40.72492981,6.5,0.5,0.5,0,0,7.8
1,0.84,-73.97764587,40.75214386,-73.98899841,40.75852203,5,0.5,0.5,1,0,7.3
1,9.63,-73.87310028,40.7741394,-73.98046875,40.78239059,28,0.5,0.5,10.15,5.33,44.78
1,3.88,-73.98859406,40.72269058,-73.95420837,40.77124405,14,0.5,0.5,3.62,0,18.92
1,2.92,-73.99417114,40.76140594,-73.95768738,40.77381134,14.5,0.5,0.5,0,0,15.8
1,20.21,-73.78199005,40.64466858,-73.92441559,40.84363174,54,0.5,0.5,0,5.33,60.63
1,1.72,-73.97135925,40.79546356,-73.98803711,40.77954865,8.5,0.5,0.5,1.8,0,11.6
1,3.8,-73.97875977,40.74469757,-73.96979523,40.78794861,14,0.5,0.5,3.05,0,18.35
2,2.14,-73.98509979,40.76204681,-73.98700714,40.73924255,9.5,0.5,0.5,0,0,10.8
1,2.7,-73.98538208,40.74986649,-73.99330139,40.72708511,11.5,0.5,0.5,2.55,0,15.35
2,0.63,0,0,0,0,4.5,0.5,0.5,0,0,5.8
6,5.46,-73.99057007,40.74446869,-73.93954468,40.6987915,20.5,0.5,0.5,4.2,0,26
1,18.6,-73.78326416,40.64864731,-73.9552536,40.80725861,52,0,0.5,5.81,5.33,63.94
1,4.26,-73.98200226,40.66715622,-74.02510071,40.63833618,14,0.5,0.5,0,0,15.3
2,3.8,-73.98756409,40.73586655,-73.9810257,40.77936172,14.5,0.5,0.5,2,0,17.8
1,17.09,-73.87474823,40.77407837,-73.96674347,40.61197281,47,0.5,0.5,9.5,0,57.8
2,1.41,-73.98000336,40.74333954,-73.97749329,40.72937012,6.5,0.5,0.5,1.4,0,9.2
4,4.17,-74.00057983,40.74625778,-73.95797729,40.78179169,15,0.5,0.5,3.1,0,19.4
1,6.39,-73.98162842,40.74707031,-73.9989624,40.69392014,20,0.5,0.5,3,0,24.3
1,23.34,-73.77668762,40.64531708,-73.90849304,40.88198853,63,0.5,0.5,0,5.33,69.63
1,5.64,-73.97862244,40.76227188,-73.90653229,40.77310181,19,0.5,0.5,3,0,23.3
2,2.6,-74.00762939,40.74292374,-73.98201752,40.76945114,9.5,0,0.5,0,0,10.3
1,8.9,-73.86339569,40.7695694,-73.95113373,40.77035141,26,0.5,0.5,6.52,5.33,39.15
1,5.5,-73.98955536,40.734375,-73.97234344,40.79628754,20,0.5,0.5,4.26,0,25.56
1,6.9,-73.9969635,40.74228287,-73.98325348,40.69350433,22.5,0.5,0.5,5.95,0,29.75
1,0.3,-74.00482941,40.73744202,-74.00127411,40.74098206,3.5,0.5,0.5,0.96,0,5.76
1,3.34,-73.98852539,40.74881363,-73.9524765,40.7781868,14.5,0.5,0.5,2,0,17.8
1,2.36,-73.9911499,40.69939041,-73.99429321,40.71235275,9.5,0.5,0.5,2,0,12.8
1,3,-74.00453949,40.72148132,-73.99134827,40.68864441,11,0.5,0.5,2.46,0,14.76
1,5.6,-74.00943756,40.72357178,-73.95613861,40.67123032,21,0.5,0.5,5.38,0,27.68
1,2.28,-73.96122742,40.77423477,-73.97618866,40.74897766,10,0.5,0.5,0,0,11.3
1,1.6,-73.98570251,40.74383163,-73.9828949,40.76200867,8,0.5,0.5,2,0,11.3
1,2,-73.98213959,40.76823044,-73.97323608,40.74823761,11.5,0.5,0.5,2.55,0,15.35
1,2.35,-73.98013306,40.75930405,-73.97057343,40.78672028,10,0.5,0.5,2.1,0,13.4
2,21.7,-73.77681732,40.64553833,-74.00587463,40.7088623,52,0,0.5,14.5,5.33,72.63
5,0.67,-73.97009277,40.76163864,-73.978508,40.76212311,5,0.5,0.5,0,0,6.3
2,0.6,-73.98940277,40.74720001,-73.98526764,40.74163055,4,0.5,0.5,0,0,5.3
2,0.7,-73.99417114,40.69011688,-73.98373413,40.68570709,4.5,0.5,0.5,1.15,0,6.95
1,1.3,-73.9756546,40.75202179,-73.97962189,40.73728561,6.5,0.5,0.5,0,0,7.8
1,0.56,-74.0103302,40.71966934,-74.00448608,40.7216568,4,0.5,0.5,0,0,5.3
1,0.66,-74.00247955,40.75597382,-73.99243164,40.75172043,4.5,0.5,0.5,1,0,6.8
1,0.5,-73.98770142,40.76491547,-73.99345398,40.75888062,5.5,0.5,0.5,1,0,7.8
1,1.3,-73.97707367,40.7629776,-73.99130249,40.75022125,9,0.5,0.5,0,0,10.3
4,0.54,-73.99027252,40.75699234,-73.98430634,40.76300812,4.5,0.5,0.5,0,0,5.8
1,2.54,-73.96888733,40.75782013,-73.96872711,40.78604889,10.5,0.5,0.5,2.2,0,14
1,0.71,-73.9756012,40.78687668,-73.97103119,40.7951622,4.5,0.5,0.5,0,0,5.8
2,0.7,-73.98957825,40.725811,-73.989151,40.71873856,4.5,0.5,0.5,1.1,0,6.9
1,1.01,-73.98641205,40.72237015,-73.98992157,40.73244095,7,0.5,0.5,0,0,8.3
5,2.62,-73.99068451,40.75043869,-73.98887634,40.72290802,11,0.5,0.5,0,0,12.3
1,5.4,0,0,0,0,18.5,0.5,0.5,3.95,0,23.75
1,0.91,-73.97692108,40.78082657,-73.96590424,40.77806091,5.5,0.5,0.5,0,0,6.8
2,1.5,-73.99271393,40.76830673,-73.97480011,40.77822495,7,0.5,0.5,1.65,0,9.95
5,2.2,-73.97887421,40.76509857,-73.97360992,40.79196167,9.5,0.5,0.5,2,0,12.8
1,1.38,-73.97502136,40.75666046,-73.9833374,40.7490654,7.5,0.5,0.5,1.2,0,10
1,1.34,-73.95983124,40.80828094,-73.97186279,40.79474258,6.5,0.5,0.5,0,0,7.8
1,3,-73.97502899,40.74446487,-73.95301056,40.7792778,11.5,0.5,0.5,0,0,12.8
2,2.08,-73.97492218,40.76174164,-73.96972656,40.78480911,9,0.5,0.5,1.9,0,12.2
1,0.85,-73.95897675,40.77162552,-73.94831085,40.77318573,5,0.5,0.5,1.1,0,7.4
1,1.3,-73.98162842,40.75234985,-73.96495056,40.75416946,8,0.5,0.5,0,0,9.3
1,1.13,-74.00793457,40.7403183,-73.99446869,40.73723602,6.5,0.5,0.5,1.4,0,9.2
5,1.62,-73.98827362,40.74849319,-73.98405457,40.73194122,7.5,0.5,0.5,0,0,8.8
1,3.5,-74.00784302,40.7149353,-73.95654297,40.71313858,13,0.5,0.5,2,0,16.3
1,0.5,-73.98100281,40.74451447,-73.97618866,40.74821472,4.5,0.5,0.5,1.7,0,7.5
1,18.29,-73.79264069,40.64499664,-74.0041275,40.72101593,52,0,0.5,10.4,0,63.2
4,1.44,-73.98979187,40.73423767,-73.97415161,40.74294662,8.5,0.5,0.5,1.8,0,11.6
4,2.3,-73.99255371,40.76992416,-74.00410461,40.74240875,10.5,0.5,0.5,0,0,11.8
1,6.8,-73.98967743,40.71920776,-73.94843292,40.79069138,21,0.5,0.5,1,0,23.3
1,1.65,-73.96640778,40.76116943,-73.9479599,40.77291107,7.5,0.5,0.5,0,0,8.8
2,4.52,-73.99169922,40.76977158,-73.99131775,40.7193985,17.5,0.5,0.5,2,0,20.8
1,10.45,-73.99580383,40.7321701,-74.03204346,40.61374283,30.5,0.5,0.5,3.2,0,35
1,1.54,-73.98301697,40.76115036,-74.0031662,40.75635147,7,0.5,0.5,1.5,0,9.8
5,0.7,-73.98847198,40.74523544,-73.9802475,40.74851608,5,0.5,0.5,1.1,0,7.4
1,1.2,-73.96551514,40.76279068,-73.95674133,40.77048874,7,0.5,0.5,2,0,10.3
1,2.13,-73.9909668,40.75058365,-73.98314667,40.72987366,9.5,0.5,0.5,3,0,13.8
1,6.69,-73.79044342,40.64390945,-73.86966705,40.67420959,20.5,0.5,0.5,0,0,21.8
1,0.8,-73.98038483,40.74930954,-73.98290253,40.73989868,5,0.5,0.5,1.26,0,7.56
2,9.2,-73.99015808,40.73864365,-73.9681778,40.6367569,29.5,0.5,0.5,6.15,0,36.95
1,1.09,-73.99793243,40.73020172,-73.98995972,40.72043991,8,0.5,0.5,1,0,10.3
1,0.7,-73.97940063,40.74380875,-73.97489929,40.75185776,4.5,0.5,0.5,1.15,0,6.95
1,5.38,-73.98138428,40.6796875,-73.95590973,40.71957779,19,0.5,0.5,3,0,23.3
1,3.6,-73.98213959,40.76153183,-73.98233032,40.73152924,18,0.5,0.5,4.82,0,24.12
1,18.4,-73.78364563,40.64865112,-73.9913559,40.72351074,52,0,0.5,10.4,0,63.2
1,1.9,-73.95206451,40.69949341,-73.95991516,40.71823883,9.5,0.5,0.5,2.15,0,12.95
1,3.32,-73.96826172,40.75843811,-73.94763947,40.7641983,13,0.5,0.5,2.7,0,17
1,0.83,-73.97122955,40.75787735,-73.97879791,40.74930191,5.5,0.5,0.5,0,0,6.8
1,28.5,-73.97518158,40.75170135,-74.21026611,40.54156876,76,0.5,0.5,26.62,11.75,115.67
1,1.39,-73.99859619,40.72969055,-74.00110626,40.73683167,8.5,0.5,0.5,1.8,0,11.6
1,0.4,-74.00108337,40.73137283,-73.99718475,40.736763,3.5,0.5,0.5,1.4,0,6.2
1,0.38,-73.96239471,40.75875854,-73.95861053,40.76228333,3.5,0.5,0.5,0.48,0,5.28
1,1.6,-74.0025177,40.73950195,-73.99586487,40.7590332,9,0.5,0.5,2.05,0,12.35
1,0.7,-74.00331116,40.73285675,-74.00340271,40.72547531,4.5,0.5,0.5,2,0,7.8
5,1.54,-73.99237823,40.73801422,-73.99275208,40.75437546,8,0.5,0.5,1,0,10.3
1,0.4,-73.9883728,40.74612045,-73.99434662,40.74619293,4,0.5,0.5,1,0,6.3
6,17.89,-73.78617096,40.64349365,-73.97861481,40.76502991,52,0,0.5,13,0,65.8
1,0.9,-73.96020508,40.77374649,-73.95100403,40.77517319,6,0.5,0.5,0,0,7.3
1,1.4,-73.96890259,40.75742722,-73.96323395,40.77252197,8,0.5,0.5,0,0,9.3
3,1.81,-73.96289063,40.77512741,-73.94261169,40.78902817,7.5,0.5,0.5,1,0,9.8
1,1.5,-73.98191071,40.77177811,-73.96907806,40.78602219,8.5,0.5,0.5,1.5,0,11.3
1,0.74,-74.00414276,40.74797058,-73.99472809,40.75045395,5,0.5,0.5,0,0,6.3
1,1.59,-73.95635223,40.77155304,-73.94268799,40.78612518,7,0.5,0.5,0,0,8.3
1,1.51,-73.9800415,40.75432968,-73.98728943,40.73631287,7,0.5,0.5,0,0,8.3
6,4.14,-73.99194336,40.74908829,-74.01660156,40.70529556,15.5,0.5,0.5,3.2,0,20
1,0.5,-73.98828888,40.75917816,-73.98294067,40.76440811,4,0.5,0.5,0,0,5.3
2,0.45,-73.95956421,40.76318741,-73.95576477,40.76735687,4,0.5,0.5,1.5,0,6.8
1,0.95,-73.950737,40.68045044,-73.9670105,40.68418121,5.5,0.5,0.5,1.2,0,8
1,12.86,-73.97473907,40.74197006,-73.92020416,40.88471603,37.5,0.5,0.5,8.09,2.44,49.33
1,3.77,-73.95676422,40.77106476,-73.97756195,40.72588348,13,0.5,0.5,0,0,14.3
3,4.09,-73.98296356,40.76797104,-74.00930786,40.71529007,17,0.5,0.5,0,0,18.3
1,0.69,-74.00232697,40.71980286,-74.00722504,40.72699738,4.5,0.5,0.5,1,0,6.8
1,5.2,-73.95903015,40.77171707,-73.89245605,40.74711609,16,0.5,0.5,4.12,0,21.42
1,3.9,-73.98075104,40.76994324,-73.99185944,40.72587204,15,0.5,0.5,1,0,17.3
1,12.69,-73.78261566,40.64460373,-73.94749451,40.6733017,39,0.5,0.5,0,0,40.3
3,2.3,-73.98599243,40.76239395,-73.96592712,40.79221344,10,0.5,0.5,2.25,0,13.55
5,2.3,-74.00769043,40.74068069,-73.98880768,40.71862411,10,0.5,0.5,0,0,11.3
3,4.51,-73.98181915,40.75812912,-73.95042419,40.76124954,15.5,0.5,0.5,3.2,0,20
1,0.76,-73.98475647,40.73477173,-73.97530365,40.73304367,5,0.5,0.5,1.1,0,7.4
6,1.58,-73.99910736,40.72998047,-73.97878265,40.73113632,7.5,0.5,0.5,1.6,0,10.4
1,5.2,-74.01273346,40.7022438,-73.97884369,40.74927521,16.5,0.5,0.5,3.55,0,21.35
1,3.6,-73.98220062,40.76723862,-73.98875427,40.72712326,13,0.5,0.5,2.85,0,17.15
1,0.97,-73.99769592,40.74123764,-73.99488068,40.7317009,5.5,0.5,0.5,0,0,6.8
1,1.19,-73.98822784,40.74869156,-73.98061371,40.73685455,7,0.5,0.5,1.88,0,10.18
1,2.3,-73.99303436,40.75287628,-73.96379852,40.76277161,10.5,0.5,0.5,0,0,11.8
1,0.84,-73.95407867,40.77466965,-73.94927979,40.78181076,5.5,0.5,0.5,1.2,0,8
1,3.9,-74.0043335,40.72478485,-73.96177673,40.75786591,13,0.5,0.5,2.85,0,17.15
1,1.26,-73.98474121,40.72740555,-73.99964142,40.73025894,6.5,0.5,0.5,1,0,8.8
1,1.54,-73.99427795,40.75442123,-73.98204803,40.77206039,8,0.5,0.5,0,0,9.3
1,1.5,-73.97848511,40.74488449,-73.98402405,40.7292099,7.5,0.5,0.5,0,0,8.8
1,0.97,-73.97522736,40.74582291,-73.9694519,40.75325012,5.5,0.5,0.5,1,0,7.8
1,2.8,-73.98234558,40.76331711,-73.95120239,40.77940369,11.5,0.5,0.5,3.2,0,16
1,0.97,-74.00250244,40.75009155,-73.98783875,40.74824905,6,0.5,0.5,0,0,7.3
6,5.1,-73.9829483,40.76121521,-74.00984955,40.7148819,18.5,0.5,0.5,4.75,0,24.55
1,1.05,-73.98301697,40.76174927,-73.97688293,40.77484894,6,0.5,0.5,0,0,7.3
1,9.25,-73.98670197,40.70308304,-73.97000122,40.79945374,33.5,0.5,0.5,3.5,0,38.3
1,3.4,-73.9829483,40.76101303,-73.98757935,40.72629166,14.5,0.5,0.5,3.15,0,18.95
1,3.9,-73.994133,40.74752426,-73.9730835,40.79262924,15.5,0.5,0.5,0,0,16.8
1,4.3,-74.00447845,40.74171829,-73.9560318,40.71389389,16.5,0.5,0.5,0,0,17.8
1,4.6,-73.98986816,40.73340225,-73.94867706,40.78483582,17.5,0.5,0.5,3.75,0,22.55
2,3.86,-73.98839569,40.73800278,-73.99577332,40.69559097,13,0.5,0.5,2,0,16.3
1,0.83,-73.97537994,40.75202179,-73.98112488,40.74210739,4.5,0.5,0.5,1,0,6.8
2,0.75,-74.0063858,40.73912048,-74.00125885,40.74481201,4.5,0.5,0.5,1,0,6.8
1,0.6,-73.99362946,40.69586182,-73.99256134,40.68902206,4.5,0.5,0.5,1.15,0,6.95
2,18.4,-73.78210449,40.64471436,-73.99907684,40.74309921,52,0,0.5,0,5.33,57.83
1,0.71,-73.98187256,40.77780914,-73.98027039,40.78533936,5,0.5,0.5,1.1,0,7.4
1,2,-74.00178528,40.74593353,-73.97826385,40.73085785,9.5,0.5,0.5,2.16,0,12.96
1,1.77,-73.98339081,40.77941132,-73.97068024,40.77965546,9,0.5,0.5,1.5,0,11.8
1,0.9,-73.98054504,40.76665115,-73.96630859,40.76558685,6.5,0.5,0.5,1,0,8.8
2,4.2,-73.98739624,40.76959229,-73.93909454,40.79756927,17,0.5,0.5,0,0,18.3
5,2.8,-74.00688934,40.73076248,-73.98364258,40.76520157,11.5,0.5,0.5,1,0,13.8
5,2.65,-73.98823547,40.748909,-73.99462128,40.72475433,13.5,0.5,0.5,3.5,0,18.3
1,1.02,-73.98202515,40.76760101,-73.98866272,40.77394485,6,0.5,0.5,1,0,8.3
1,3.9,-73.99927521,40.73378754,-73.99452972,40.69412231,14.5,0.5,0.5,2,0,17.8
1,5.3,-73.99497986,40.74999619,-73.99578857,40.69155884,18.5,0.5,0.5,3.95,0,23.75
1,4.8,-73.98447418,40.7286911,-73.98816681,40.77931213,17.5,0.5,0.5,2,0,20.8
5,11.71,-73.8631134,40.76917648,-73.98347473,40.76439285,35,0.5,0.5,0,5.33,41.63
2,1.92,-73.97841644,40.75236893,-73.97602844,40.73254013,8.5,0.5,0.5,1.8,0,11.6
6,8.34,-73.86270142,40.76890182,-73.96463776,40.71257782,26.5,0.5,0.5,0,0,27.8
5,0.89,-73.96030426,40.7729187,-73.95866394,40.78173828,5,0.5,0.5,0,0,6.3
1,5.4,-73.98486328,40.7528038,-74.00744629,40.70712662,18,0.5,0.5,0,0,19.3
1,2.5,-73.97586823,40.76564407,-73.99040985,40.75092697,13,0.5,0.5,2,0,16.3
5,1.53,-73.98242188,40.76142502,-73.98892975,40.77813721,9,0.5,0.5,1.9,0,12.2
1,1.56,-73.97296906,40.75255203,-73.95668793,40.76678467,7,0.5,0.5,1.5,0,9.8
1,1.8,-73.99410248,40.75418472,-73.98205566,40.77490997,8.5,0.5,0.5,0,0,9.8
5,1.09,0,0,0,0,6,0.5,0.5,0,0,7.3
2,1.8,-73.9943924,40.75615692,-74.00299835,40.73406982,7.5,0.5,0.5,0,0,8.8
2,1.9,-73.99225616,40.74350357,-73.98742676,40.76527786,9,0.5,0.5,1.5,0,11.8
1,3.6,-73.98929596,40.74048615,-73.95476532,40.77366257,15.5,0.5,0.5,1.5,0,18.3
2,0.5,-73.98452759,40.72475052,-73.98928833,40.72602463,4.5,0.5,0.5,1.45,0,7.25
2,0.9,-74.01131439,40.70527649,-74.01396179,40.70987701,6,0.5,0.5,2.7,0,10
5,0.72,-73.98394012,40.76108551,-73.9759903,40.76544189,4.5,0.5,0.5,0,0,5.8
1,1.04,-73.99105835,40.74481964,-73.99021149,40.75622177,6,0.5,0.5,0,0,7.3
6,1.47,-73.97727203,40.76377869,-73.95924377,40.77160263,7.5,0.5,0.5,1.6,0,10.4
6,3.19,-73.9712677,40.75987625,-73.9444046,40.79892349,14,0.5,0.5,1,0,16.3
1,1.8,-73.97164917,40.75763321,-73.95402527,40.77848053,7.5,0.5,0.5,1,0,9.8
1,3.04,-73.99179077,40.72613144,-73.97750854,40.76091003,12,0.5,0.5,2.5,0,15.8
1,3.1,-73.98510742,40.74157333,-73.95368195,40.77360153,13,0.5,0.5,0,0,14.3
1,2.23,-73.984375,40.76083374,-74.00776672,40.74052048,9,0.5,0.5,0,0,10.3
1,1.93,-74.00511169,40.72009277,-74.0065918,40.74152374,8,0.5,0.5,0,0,9.3
1,6.33,-74.00212097,40.73838043,-73.95968628,40.66719055,22.5,0.5,0.5,5,0,28.8
1,3,-74.00014496,40.72869873,-73.99252319,40.69613647,11.5,0.5,0.5,1.5,0,14.3
1,1.02,-73.98058319,40.7830162,-73.97266388,40.7951088,6,0.5,0.5,3,0,10.3
1,4.2,-73.99230957,40.71517944,-73.96179962,40.68310928,17,0.5,0.5,4.5,0,22.8
6,0.89,-73.98426056,40.7374382,-73.99212646,40.72608948,5.5,0.5,0.5,0,0,6.8
1,4.49,-73.98710632,40.72066879,-73.95777893,40.77453232,15.5,0.5,0.5,3.2,0,20
1,3.4,-73.97037506,40.76237488,-74.00388336,40.72956848,13.5,0.5,0.5,2.95,0,17.75
1,1.2,-73.98565674,40.7229805,-73.99976349,40.73438263,8,0.5,0.5,1.86,0,11.16
1,1.4,-73.98019409,40.74249649,-73.99781799,40.75409698,6.5,0.5,0.5,0,0,7.8
1,2.4,-73.98396301,40.75003052,-73.95648956,40.76678085,10.5,0.5,0.5,1,0,12.8
1,7.1,-73.99294281,40.73824692,-73.89540863,40.75028992,22.5,0.5,0.5,5.8,5.33,34.93
1,0,-73.9375,40.80423737,-73.9375,40.80423355,2.5,0.5,0.5,0,0,3.8
1,0.98,-73.97098541,40.75771332,-73.97911072,40.74601364,5,0.5,0.5,0,0,6.3
1,0.83,-73.9852829,40.75779343,-73.991745,40.74793625,6,0.5,0.5,0,0,7.3
1,1.45,-74.01019287,40.70365143,-74.00462341,40.71612167,6.5,0.5,0.5,1.4,0,9.2
1,5.8,-73.98665619,40.73995209,-73.92950439,40.69972229,23,0.5,0.5,3,0,27.3
2,1.09,-73.99471283,40.75048065,-73.98603821,40.74414063,7.5,0.5,0.5,0,0,8.8
1,3.4,-74.0015564,40.72590637,-73.98722076,40.68864822,13,0.5,0.5,2.86,0,17.16
1,4.21,-73.99237061,40.73730469,-73.94996643,40.70671082,16,0.5,0.5,3.3,0,20.6
1,2.24,-74.00467682,40.73036575,-74.01641846,40.70608139,9.5,0.5,0.5,0,0,10.8
1,12,-73.98223114,40.77723312,-73.98635864,40.66329575,38,0.5,0.5,7.85,0,47.15
1,8.85,-73.87445831,40.77399445,-73.97206879,40.75642014,26,0.5,0.5,9.55,5.33,42.18
5,1,-73.98599243,40.75215912,-73.98535919,40.76290894,5.5,0.5,0.5,1.2,0,8
2,0.99,-73.9849472,40.75876617,-73.98739624,40.74790192,5.5,0.5,0.5,1.2,0,8
5,3.69,-74.00994873,40.735466,-73.97070313,40.75185394,14.5,0.5,0.5,2,0,17.8
3,2.3,-73.98069763,40.76752472,-73.95524597,40.78564072,10.5,0.5,0.5,0,0,11.8
5,2.84,-73.98762512,40.72120667,-73.98314667,40.69657898,11,0.5,0.5,2.3,0,14.6
1,2.54,-73.96645355,40.75756073,-73.98825073,40.72792816,9.5,0.5,0.5,2,0,12.8
1,7.2,-73.99691772,40.7472229,-73.94769287,40.83000565,23.5,0.5,0.5,4,0,28.8
1,7.95,-73.9671402,40.75587845,-73.99586487,40.69152451,23.5,0.5,0.5,4.8,0,29.6
2,8.3,-73.9823761,40.76333237,-73.99476624,40.68455124,27.5,0.5,0.5,0,0,28.8
1,0.9,-73.97989655,40.75408173,-73.97389221,40.75917816,5.5,0.5,0.5,1.36,0,8.16
1,1.55,-73.97603607,40.74806213,-73.99294281,40.76317596,8.5,0.5,0.5,1,0,10.8
1,1.78,-73.98822784,40.74908066,-73.96966553,40.76569366,8,0.5,0.5,0,0,9.3
2,9.16,-73.98171234,40.76804352,-73.84661865,40.72425079,30.5,0.5,0.5,0,0,31.8
1,1.5,-73.9825592,40.77180862,-73.97344208,40.78532791,7,0.5,0.5,1,0,9.3
1,2.3,-73.98548126,40.73843384,-73.99261475,40.71335602,12.5,0.5,0.5,2,0,15.8
1,0.6,0,0,0,0,5.5,0.5,0.5,0.75,0,7.55
1,2.71,-73.97424316,40.75227737,-73.94874573,40.78490067,10,0.5,0.5,2.1,0,13.4
1,1.96,-73.9890213,40.74397278,-73.99884796,40.76107407,8.5,0.5,0.5,1.8,0,11.6
1,4.5,-73.98777008,40.72222137,-73.95744324,40.76564026,15,0.5,0.5,3.25,0,19.55
2,4.06,-73.96921539,40.76082611,-74.00772858,40.71325684,15.5,0.5,0.5,1.6,0,18.4
1,1.7,-73.99848938,40.745121,-74.00240326,40.72633743,7.5,0.5,0.5,1.76,0,10.56
6,4.07,-73.9875412,40.72883606,-73.95433807,40.6948204,16,0.5,0.5,0,0,17.3
4,3,-73.98014069,40.76213074,-74.00549316,40.72555161,13.5,0.5,0.5,0,0,14.8
1,2.9,-73.97973633,40.78368759,-73.9655304,40.75878525,13.5,0.5,0.5,2.95,0,17.75
3,2.77,-73.98691559,40.72252655,-74.0022583,40.74861145,12.5,0.5,0.5,0,0,13.8
1,4.02,-73.97743988,40.78422928,-74.00189972,40.73717117,15,0.5,0.5,3.1,0,19.4
6,11.17,-73.99182892,40.71507645,-73.81748199,40.74227142,31,0.5,0.5,5,0,37.3
1,0.7,-73.98464203,40.72883987,-73.99380493,40.73250961,6,0.5,0.5,1,0,8.3
3,3.2,-73.98493958,40.7534523,-73.94857788,40.77412033,12.5,0.5,0.5,3.45,0,17.25
1,1.8,-73.9889679,40.72148514,-73.98894501,40.74134445,8.5,0.5,0.5,0,0,9.8
1,10.79,-74.00547791,40.74074936,-73.91648102,40.87215042,31.5,0.5,0.5,6.4,0,39.2
6,6.97,-73.87354279,40.77394867,-73.94715881,40.71139526,22,0.5,0.5,0,0,23.3
1,2.1,-73.97216797,40.74727249,-73.95789337,40.77192307,8.5,0.5,0.5,0,0,9.8
2,1.9,-73.98840332,40.74882126,-73.96370697,40.75683594,9,0.5,0.5,1.7,0,12
1,1.46,-73.99220276,40.72570801,-73.99302673,40.71242523,7.5,0.5,0.5,0,0,8.8
1,2.4,-73.97773743,40.73410797,-73.97702026,40.73378754,2.5,0.5,0.5,0,0,3.8
1,1.9,-73.97653198,40.7881012,-73.94706726,40.77608109,9.5,0.5,0.5,2.7,0,13.5
1,1.05,-73.96035767,40.71856689,-73.94937134,40.71390152,6,0.5,0.5,0,0,7.3
1,1.52,-73.99019623,40.75095749,-73.97479248,40.75071335,8,0.5,0.5,0,0,9.3
1,0.8,-74.00786591,40.70541382,-74.01107025,40.71481705,6.5,0.5,0.5,0,0,7.8
5,5.49,-73.97919464,40.74717331,-74.01554871,40.70785522,18.5,0.5,0.5,4.75,0,24.55
1,3.5,-73.9883194,40.75912476,-73.99671936,40.72205734,15.5,0.5,0.5,7,0,23.8
1,3.16,-73.98516846,40.76411819,-73.97445679,40.79357147,12.5,0.5,0.5,0,0,13.8
1,19.42,-73.77672577,40.64531326,-73.95399475,40.77973557,52,0,0.5,14.33,5.33,72.46
1,2.7,-73.95083618,40.77495575,-73.97951508,40.74930191,12,0.5,0.5,2.65,0,15.95
1,2.3,-73.9913559,40.75014114,-73.99355316,40.72438812,10,0.5,0.5,0,0,11.3
1,4.5,-73.9864502,40.72230911,-73.94770813,40.77909088,16,0.5,0.5,2,0,19.3
1,1.1,-73.97486877,40.76138687,-73.98136139,40.74707794,6.5,0.5,0.5,1,0,8.8
5,3.85,-74.00299835,40.72781754,-73.96164703,40.71841812,15,0.5,0.5,3.1,0,19.4
1,9.4,-73.99924469,40.73384857,-73.86639404,40.73501968,29.5,0.5,0.5,5,0,35.8
1,3.17,-73.97937775,40.75252914,-73.94780731,40.784729,11,0.5,0.5,2.3,0,14.6
1,4.21,-73.97373962,40.760746,-73.92591095,40.77561188,15,0.5,0.5,3.1,0,19.4
1,1.9,-73.97022247,40.75237656,-73.95202637,40.77378464,7,0.5,0.5,0,0,8.3
1,0.57,-73.9604187,40.76173019,-73.95545959,40.76750183,4,0.5,0.5,1.12,0,6.42
5,3.04,-73.97616577,40.73034668,-73.96263123,40.76401138,11,0.5,0.5,0,0,12.3
2,10.5,-73.97995758,40.75147247,-73.9187088,40.87134552,31,0.5,0.5,6.46,0,38.76
2,0.6,-73.98516846,40.76353836,-73.98162079,40.77196121,4.5,0.5,0.5,1.7,0,7.5
2,1.77,-73.9908905,40.75068283,-73.97305298,40.76412964,8.5,0.5,0.5,0,0,9.8
1,3.48,-74.00684357,40.7052002,-73.9858017,40.7285881,13,0.5,0.5,2.7,0,17
1,2,0,0,0,0,8,0.5,0.5,0,0,9.3
1,2.96,-73.95018768,40.7799263,-73.98872375,40.77806854,11,0.5,0.5,2.3,0,14.6
1,13.2,-73.99160767,40.74456787,-73.89522552,40.86527634,39.5,0.5,0.5,10.2,0,51
1,6.3,-73.97859955,40.72874069,-73.99872589,40.68243027,20.5,0.5,0.5,4.35,0,26.15
1,14.1,-73.99343872,40.75542831,-73.95555878,40.5896492,42,0.5,0.5,7,0,50.3
1,2.2,-73.9940567,40.73957443,-74.00695801,40.71518326,10,0.5,0.5,2.26,0,13.56
1,0.9,-73.99655914,40.73900604,-74.00765228,40.74074554,6,0.5,0.5,1.3,0,8.6
1,5.8,-73.99128723,40.71743393,-73.89845276,40.72549438,17.5,0.5,0.5,0,0,18.8
1,6.7,-73.96641541,40.75645828,-73.99263763,40.69268036,19.5,0.5,0.5,4.15,0,24.95
1,1.1,-73.95851898,40.81560135,-73.95274353,40.80435944,7,0.5,0.5,1.65,0,9.95
1,3.15,-73.98526764,40.74756622,-74.00951385,40.7097168,12.5,0.5,0.5,1,0,14.8
1,0.82,-73.99014282,40.75072098,-73.97702789,40.74521637,6.5,0.5,0.5,1.4,0,9.2
1,0.6,-73.99953461,40.73860168,-74.0070343,40.73299026,4.5,0.5,0.5,1,0,6.8
1,1.2,-73.96517181,40.75931168,-73.9814682,40.76872253,7.5,0.5,0.5,0,0,8.8
1,0.96,-73.97638702,40.67778015,-73.9758606,40.66976166,6,0.5,0.5,0,0,7.3
2,2.46,-73.9940033,40.7618103,-74.00183105,40.73543167,11,0.5,0.5,0,0,12.3
2,1.02,-73.99095154,40.75516129,-73.98042297,40.76142883,6.5,0.5,0.5,0,0,7.8
6,0.78,-73.97781372,40.74969101,-73.98568726,40.75584793,5,0.5,0.5,0,0,6.3
1,5.8,-73.98371887,40.72689438,-73.95337677,40.74481964,20.5,0.5,0.5,4.35,0,26.15
1,0.85,-73.98216248,40.77220154,-73.97807312,40.7834816,5,0.5,0.5,0,0,6.3
5,0.52,-73.98256683,40.76784515,-73.98911285,40.7693367,4.5,0.5,0.5,1,0,6.8
1,0.7,-73.99774933,40.7142601,-73.9929657,40.72275925,5.5,0.5,0.5,1.2,0,8
1,3.69,-73.97325134,40.76031113,-73.98583984,40.7195282,15.5,0.5,0.5,1.5,0,18.3
1,0.55,-73.97267151,40.74359131,-73.98094177,40.74457169,4.5,0.5,0.5,1,0,6.8
1,2.9,-73.97794342,40.74606323,-73.9508667,40.78090286,10.5,0.5,0.5,2.2,0,14
2,0.6,-73.98015594,40.74251556,-73.97183228,40.74559021,5,0.5,0.5,1,0,7.3
5,3.09,-74.00039673,40.71723175,-73.97148895,40.75130844,12,0.5,0.5,3,0,16.3
1,0.79,-73.98618317,40.7514534,-73.98899841,40.75926208,5.5,0.5,0.5,1,0,7.8
1,2.48,-73.98856354,40.74862289,-73.96245575,40.77053833,10,0.5,0.5,2.1,0,13.4
1,6.43,-73.96572876,40.80564117,-73.95343781,40.74489975,25.5,0.5,0.5,5.2,0,32
1,2.4,-73.94528961,40.83358765,-73.93082428,40.81187057,9,0.5,0.5,0,0,10.3
1,1.4,-73.98974609,40.73398209,-73.97817993,40.75121689,8,0.5,0.5,0,0,9.3
2,3.1,-73.98323059,40.78152084,-73.9546051,40.81823349,12,0.5,0.5,0,0,13.3
2,4.2,0,0,0,0,15.5,0.5,0.5,3,0,19.8
2,1.6,-73.91383362,40.74373627,-73.88411713,40.74769211,7,0.5,0.5,1,0,9.3
2,2.3,-73.98713684,40.75646591,-73.98036957,40.78024292,11,0.5,0.5,1.5,0,13.8
1,1.2,-73.97504425,40.76167679,-73.977005,40.7485733,6.5,0.5,0.5,0,0,7.8
1,2.23,-73.99147034,40.74990082,-73.981987,40.73022079,9.5,0.5,0.5,2,0,12.8
1,5.3,-73.99572754,40.75312424,-73.93861389,40.75009537,20,0.5,0.5,2,0,23.3
1,5.94,-73.97212219,40.79482651,-73.91484833,40.84446335,17.5,0.5,0.5,0,0,18.8
2,2.9,-73.95978546,40.65541458,-73.91786957,40.66325378,12.5,0.5,0.5,0,0,13.8
1,1.41,-73.96867371,40.75831604,-73.95539093,40.77360535,6.5,0.5,0.5,1.4,0,9.2
5,0.77,-73.99120331,40.73909378,-73.99292755,40.73087311,5,0.5,0.5,1,0,7.3
1,0.9,-74.00728607,40.71760178,-74.00777435,40.70814514,6,0.5,0.5,1.46,0,8.76
1,2.4,-73.95861816,40.76866913,-73.98384857,40.74623489,10,0.5,0.5,2.25,0,13.55
1,2.1,-73.96879578,40.75668716,-73.97686768,40.73243713,9.5,0.5,0.5,2.16,0,12.96
1,2.7,-74.00986481,40.72052383,-73.98710632,40.74777985,10,0.5,0.5,2.7,0,14
1,0,-73.77692413,40.64525604,-73.77692413,40.64525604,2.5,0.5,0.5,0,0,3.8
2,2.47,-73.97666168,40.75859833,-73.98815155,40.73626328,12,0.5,0.5,1,0,14.3
3,7.4,-73.9688797,40.76098633,-73.99291229,40.69305801,23,0.5,0.5,0,0,24.3
1,2,-73.98226166,40.76390076,-73.97192383,40.74482727,10,0.5,0.5,2.25,0,13.55
1,0,-73.98345947,40.7555809,-73.98345947,40.7555809,2.5,0.5,0.5,2,0,5.8
1,1.4,-74.00678253,40.73563385,-74.00279236,40.72097778,8,0.5,0.5,1.7,0,11
2,2.9,-73.98490143,40.75857925,-73.97850037,40.72961044,11.5,0.5,0.5,2.55,0,15.35
2,2.83,-73.9874649,40.76572037,-74.00835419,40.73588181,11,0.5,0.5,2.3,0,14.6
2,2.44,-73.9751358,40.75928879,-73.95088959,40.78580475,9,0.5,0.5,1.9,0,12.2
1,1.9,-73.99923706,40.73919296,-73.98991394,40.72050858,10.5,0.5,0.5,2,0,13.8
2,4.2,-73.98220825,40.77148438,-73.98518372,40.7243576,15,0.5,0.5,1,0,17.3
2,4.3,-73.9750061,40.79036331,-73.92787933,40.82157516,16,0.5,0.5,0,0,17.3
1,3.5,-73.96324158,40.77769089,-73.99851227,40.74214554,13.5,0.5,0.5,1,0,15.8
1,0.47,-74.00379181,40.73820114,-74.00124359,40.7339592,5,0.5,0.5,1.1,0,7.4
3,1.62,-73.98848724,40.72812653,-73.97566223,40.74478149,8.5,0.5,0.5,1.8,0,11.6
1,3.75,-73.9629364,40.77077866,-73.98058319,40.72874832,15.5,0.5,0.5,3.2,0,20
1,5.14,-73.9849472,40.7641716,-73.91095734,40.75843048,21,0.5,0.5,0,0,22.3
3,4.95,-73.97544861,40.75529861,-73.89827728,40.74758148,15.5,0.5,0.5,8,0,24.8
1,1.9,-73.9834137,40.75559616,-73.98094177,40.77960968,8.5,0.5,0.5,0,0,9.8
6,4.09,-73.97822571,40.7456131,-73.93834686,40.79091644,14.5,0.5,0.5,3,0,18.8
3,0.76,-73.97869873,40.75314713,-73.97353363,40.74862289,5.5,0.5,0.5,1.2,0,8
2,3.2,-73.98049927,40.78006744,-73.94841003,40.78239441,11.5,0.5,0.5,0,0,12.8
1,1.55,-73.95414734,40.77442169,-73.96853638,40.75466919,7,0.5,0.5,2.25,0,10.55
1,1.4,-73.97023773,40.75895691,-73.95719147,40.77427673,6.5,0.5,0.5,2,0,9.8
1,2.4,-73.97815704,40.75226593,-73.98744202,40.72848129,10.5,0.5,0.5,2.2,0,14
1,5.3,-73.98147583,40.76343918,-74.01776886,40.70940399,19,0.5,0.5,1,0,21.3
1,0.9,-73.95108032,40.72422028,-73.96012115,40.71400452,5.5,0.5,0.5,0,0,6.8
2,6.4,-73.98284149,40.76861572,-73.95642853,40.7132988,23.5,0.5,0.5,0,0,24.8
2,0.39,-73.95275879,40.81077957,-73.95831299,40.81071091,4,0.5,0.5,1.5,0,6.8
1,1.2,-73.98506927,40.74689484,-73.97666931,40.73608398,7,0.5,0.5,1,0,9.3
1,3,-73.98817444,40.73697281,-74.01628113,40.7087822,14,0.5,0.5,2,0,17.3
1,1.6,-73.97955322,40.74350357,-73.99778748,40.73584366,8.5,0.5,0.5,1.95,0,11.75
1,6,-73.97224426,40.74961853,-73.9384079,40.69439697,21.5,0.5,0.5,4.55,0,27.35
1,2.2,-73.97442627,40.76016998,-73.98023224,40.73670197,10,0.5,0.5,2.25,0,13.55
5,6.46,-73.97232056,40.79608536,-74.01011658,40.7199173,20.5,0.5,0.5,4.2,0,26
1,0.28,-73.97775269,40.78791809,-73.9807663,40.78838348,3,0.5,0.5,0.7,0,5
2,1.75,-73.98426819,40.7251091,-74.00746155,40.71780014,10.5,0.5,0.5,0,0,11.8
1,1.78,-73.98770905,40.7600708,-73.97843933,40.78324127,8.5,0.5,0.5,0,0,9.8
5,1.16,-73.99049377,40.75102234,-73.97556305,40.74632263,7,0.5,0.5,1,0,9.3
1,1.4,-73.9927597,40.75663757,-73.97179413,40.74585724,8,0.5,0.5,0,0,9.3
3,6.39,-74.0005722,40.74752045,-73.95227814,40.72673798,22.5,0.5,0.5,6.9,0,30.7
3,8.67,-73.99902344,40.7445488,-73.94181824,40.84832764,26.5,0.5,0.5,5.4,0,33.2
3,1.2,-73.98596954,40.75698471,-73.98484802,40.74552536,8,0.5,0.5,1.86,0,11.16
2,9.05,-74.0076828,40.70571899,-74.01808167,40.62754059,27,0.5,0.5,5.5,0,33.8
1,2.83,-73.98188782,40.76599121,-73.9827652,40.73532104,11.5,0.5,0.5,3.6,0,16.4
2,0.85,-73.95246887,40.77693176,-73.95309448,40.76784515,5,0.5,0.5,1.1,0,7.4
2,0.7,-73.96686554,40.75813293,-73.97522736,40.75481415,5.5,0.5,0.5,1.35,0,8.15
1,4.38,-73.98899078,40.73974609,-73.97561646,40.79126358,15.5,0.5,0.5,1.5,0,18.3
1,0.9,-73.97955322,40.743927,-73.97071075,40.75003815,5,0.5,0.5,1.25,0,7.55
2,19.7,-73.78211975,40.64455414,-73.9432373,40.75183105,52,0,0.5,0,5.33,58.13
1,7.43,-73.86240387,40.76907349,-73.79618073,40.77917099,21.5,0.5,0.5,4.4,0,27.2
1,2.9,-73.99031067,40.71905136,-73.94254303,40.70109177,11.5,0.5,0.5,2.4,0,15.2
1,1.22,-73.98252869,40.74829102,-73.96839142,40.75642776,6.5,0.5,0.5,1,0,8.8
1,1.66,-73.98751068,40.76533127,-74.003479,40.75143814,7,0.5,0.5,1.5,0,9.8
2,1.78,-73.99975586,40.72677994,-74.00395966,40.70767975,8,0.5,0.5,1,0,10.3
1,2.7,-73.98899078,40.75828171,-73.96949768,40.79198074,11,0.5,0.5,0,0,12.3
5,4.37,-73.98573303,40.7312088,-73.94259644,40.69538116,17,0.5,0.5,3.5,0,21.8
4,3.26,-73.97519684,40.7552948,-73.96698761,40.79179382,11.5,0.5,0.5,2.4,0,15.2
1,0.5,-74.00624084,40.73162079,-74.00531006,40.73823929,4,0.5,0.5,0,0,5.3
1,3.3,-73.96298218,40.76912308,-73.99914551,40.74393845,13.5,0.5,0.5,0,0,14.8
1,3,-73.9910965,40.739151,-74.01540375,40.70487976,12,0.5,0.5,2.5,0,15.8
1,3,-73.97465515,40.75534058,-74.00683594,40.73036575,10.5,0.5,0.5,2.35,0,14.15
1,4.16,-73.99201965,40.7254982,-73.96316528,40.67743683,16,0.5,0.5,0,0,17.3
1,0.68,-73.98597717,40.72714996,-73.98731995,40.72240067,6.5,0.5,0.5,1.4,0,9.2
1,0.9,-74.00661469,40.73145294,-73.99774933,40.7336731,6,0.5,0.5,1.45,0,8.75
1,4.8,-73.98222351,40.77158737,-73.92218018,40.75642776,19,0.5,0.5,5.05,0,25.35
1,0.88,-73.98473358,40.75874329,-73.98220825,40.75085831,5,0.5,0.5,0,0,6.3
1,3.1,-73.99040222,40.74446487,-74.01450348,40.71680069,13.5,0.5,0.5,2,0,16.8
5,5.3,0,0,0,0,19.5,0.5,0.5,4,0,24.8
2,2.4,-73.97564697,40.75952911,-73.97637177,40.78242493,9,0.5,0.5,2.05,0,12.35
5,0.62,-73.95085144,40.77897263,-73.9576416,40.76978683,4.5,0.5,0.5,0,0,5.8
1,3.9,-73.9943161,40.75011063,-73.94865417,40.7736969,15.5,0.5,0.5,2.5,0,19.3
1,0.6,-74.00891113,40.72592163,-74.00154877,40.73091507,4.5,0.5,0.5,1.16,0,6.96
1,1.52,-73.98078918,40.74684143,-73.96469116,40.75917816,8.5,0.5,0.5,0,0,9.8
1,4.75,-73.99797821,40.74512863,-74.03543854,40.74466324,50,0,0,0,11.75,62.05
1,2,-73.99874878,40.73462677,-73.99520874,40.71763992,10,0.5,0.5,1,0,12.3
1,4,-73.95359039,40.77542114,-73.99606323,40.74124146,16,0.5,0.5,5.15,0,22.45
1,0.6,-74.00379181,40.73675919,-74.0046463,40.7295723,4.5,0.5,0.5,0,0,5.8
1,2.23,-73.91478729,40.76411057,-73.89875031,40.75022125,8.5,0.5,0.5,0,0,9.8
6,8.32,-73.95305634,40.7182579,-74.00041199,40.65551376,24.5,0.5,0.5,5,0,30.8
1,1.6,-73.97380066,40.76147842,-73.95828247,40.78115082,6.5,0.5,0.5,1,0,8.8
1,17.7,-73.78805542,40.64167786,-73.97277832,40.75498962,52,0,0.5,11.6,5.33,69.73
1,2.4,-74.0027771,40.73363113,-73.97962189,40.75175858,9,0.5,0.5,0,0,10.3
1,1.8,-73.98110199,40.72511673,-73.97244263,40.74612427,8.5,0.5,0.5,2.45,0,12.25
1,0.8,-73.99144745,40.75005341,-73.98934937,40.75760651,5,0.5,0.5,0,0,6.3
1,1.8,-73.96907043,40.75339127,-73.97553253,40.73273087,7.5,0.5,0.5,0,0,8.8
1,1,-73.98889923,40.73646927,-73.97709656,40.74529648,6.5,0.5,0.5,0.1,0,7.9
1,0.79,-73.9950943,40.73978043,-73.98587799,40.74242401,5,0.5,0.5,1.1,0,7.4
2,2.3,-74.00592041,40.75034332,-73.99050903,40.73061752,11.5,0.5,0.5,2.56,0,15.36
1,0.89,-73.96708679,40.75680923,-73.98458862,40.76950073,7.5,0.5,0.5,0,0,8.8
1,1.5,-74.00473022,40.73023605,-73.98500061,40.72039413,10.5,0.5,0.5,0,0,11.8
1,2.8,-73.96215057,40.77899933,-73.96824646,40.80406189,12,0.5,0.5,0,0,13.3
1,2.17,-73.98504639,40.75543976,-73.98352051,40.78096008,10.5,0.5,0.5,2.2,0,14
1,1,-73.98723602,40.73594284,-73.98365021,40.72595978,6.5,0.5,0.5,0,0,7.8
2,6,-73.99105072,40.75061798,-73.94010925,40.79377365,20.5,0.5,0.5,1,0,22.8
1,3.9,-73.98762512,40.7382164,-73.94767761,40.7751236,14.5,0.5,0.5,2,0,17.8
1,1.12,-73.98825073,40.74819946,-73.99582672,40.75907135,6.5,0.5,0.5,1.75,0,9.55
1,3.5,-73.98133087,40.77357483,-73.94226074,40.74872971,12,0.5,0.5,2.65,0,15.95
1,1.4,-73.9903183,40.73084641,-73.97903442,40.74992371,8,0.5,0.5,1,0,10.3
1,0.99,-74.0026474,40.72866821,-73.98961639,40.72978592,5.5,0.5,0.5,1.2,0,8
3,1.17,-73.95755005,40.76939011,-73.96901703,40.75588608,6,0.5,0.5,1.3,0,8.6
1,1.2,-73.97942352,40.74389267,-73.96939087,40.75915527,6,0.5,0.5,1,0,8.3
1,6.5,-73.95987701,40.75805283,-73.86017609,40.73132706,22,0.5,0.5,0,0,23.3
1,2.4,-73.98625946,40.76711273,-73.9576416,40.77458572,9,0.5,0.5,1.5,0,11.8
1,36.05,-73.78220367,40.64458847,-73.85740662,41.07720184,136.5,0.5,0.5,28.47,5.33,171.6
1,1,-73.99117279,40.75024033,-73.99505615,40.73840714,5,0.5,0.5,1.25,0,7.55
1,20.7,-73.7826004,40.64466476,-73.97637939,40.782341,52,0,0.5,6,5.33,64.13
5,0.58,-73.98591614,40.7406311,-73.98025513,40.74420166,4.5,0.5,0.5,1,0,6.8
1,0.92,-73.96884155,40.75426102,-73.97762299,40.74465942,4.5,0.5,0.5,0,0,5.8
2,1.8,-73.99263,40.74940491,-73.97112274,40.75270081,8.5,0.5,0.5,0,0,9.8
1,3.1,-73.98539734,40.76361084,-73.95746613,40.8028183,12,0.5,0.5,0,0,13.3
1,1.1,-73.98834991,40.72144318,-73.99819946,40.72769928,8,0.5,0.5,2.32,0,11.62
2,1.5,-73.98635864,40.72209167,-73.99729156,40.7342453,8,0.5,0.5,1.85,0,11.15
1,2.69,-73.98005676,40.77582169,-73.95043182,40.78922653,10.5,0.5,0.5,0,0,11.8
1,7.01,-74.00206757,40.7254982,-73.96861267,40.7999382,24,0.5,0.5,4.9,0,30.2
1,1,-73.99544525,40.73938751,-73.9948349,40.7289505,6,0.5,0.5,2.15,0,9.45
1,3.89,-73.95371246,40.77625656,-73.99858856,40.76453018,14,0.5,0.5,2.9,0,18.2
5,2.09,-73.99875641,40.72951889,-73.98032379,40.73937225,9,0.5,0.5,1.9,0,12.2
1,1.9,-73.96755981,40.75229645,-73.98218536,40.77067566,9,0.5,0.5,2.05,0,12.35
2,13.38,-73.99261475,40.74951553,-74.03014374,40.63500977,40,0.5,0.5,5,0,46.3
1,2.7,-74.00869751,40.71828461,-73.99234009,40.68971252,10,0.5,0.5,1,0,12.3
1,2.51,-73.99842834,40.75595474,-73.99800873,40.7558403,10.5,0.5,0.5,1,0,12.8
6,1.23,-73.97141266,40.75738144,-73.97896576,40.74284363,6.5,0.5,0.5,1.4,0,9.2
1,2.8,0,0,0,0,13.5,0.5,0.5,2.95,0,17.75
3,1.37,-73.98795319,40.73503113,-73.98786926,40.72076797,8.5,0.5,0.5,2.25,0,12.05
1,5.18,-73.98792267,40.7647934,-73.90699768,40.7453537,18,0.5,0.5,0,0,19.3
1,6.4,-74.00252533,40.73959351,-73.91938782,40.69710922,24,0.5,0.5,0,0,25.3
5,1.17,-73.98816681,40.75930023,-73.98478699,40.74816132,7.5,0.5,0.5,0,0,8.8
1,1.8,-73.99967194,40.73400116,-73.98492432,40.74504852,7.5,0.5,0.5,1.76,0,10.56
1,0.4,-73.98143768,40.75783539,-73.97801971,40.76353073,3.5,0.5,0.5,0.96,0,5.76
1,0.8,-73.97190857,40.78221893,-73.96420288,40.77465439,5.5,0.5,0.5,0,0,6.8
1,2.5,-73.99069977,40.75045776,-73.96440887,40.7713089,10,0.5,0.5,2.25,0,13.55
2,3.5,-73.95373535,40.76706314,-73.95478821,40.7857399,13.5,0.5,0.5,2.95,0,17.75
1,9,-73.87090302,40.77375412,-73.97844696,40.76641464,26.5,0.5,0.5,5.55,0,33.35
3,0.8,-74.00343323,40.73309326,-73.99343109,40.73313904,5.5,0.5,0.5,1.2,0,8
1,1.3,-73.97679138,40.75225067,-73.97597504,40.74572372,7.5,0.5,0.5,0.08,0,8.88
1,9.8,-73.86331177,40.76975632,-73.9748764,40.7926178,29.5,0.5,0.5,7.2,5.33,43.33
1,3.49,-73.99410248,40.75664902,-73.96675873,40.79172134,13.5,0.5,0.5,3.5,0,18.3
1,3.5,-74.00858307,40.71943665,-73.97019958,40.68955231,13,0.5,0.5,3.57,0,17.87
2,2.6,-73.98241425,40.7634964,-73.99615479,40.73226547,12.5,0.5,0.5,0,0,13.8
1,6,-73.97512054,40.76148987,-73.99423218,40.69028473,21,0.5,0.5,4.45,0,26.75
1,1.71,-74.00717163,40.74087906,-73.99067688,40.75579834,8,0.5,0.5,1,0,10.3
1,1.2,-73.96273041,40.76066208,-73.95600128,40.77591324,6,0.5,0.5,1,0,8.3
1,1.29,-73.98145294,40.75266266,-73.99577332,40.74256134,7,0.5,0.5,1.5,0,9.8
1,4.4,-73.98100281,40.74178696,-74.009758,40.70560455,15,0.5,0.5,4.7,0,21
5,1.34,-73.98046112,40.75405884,-73.98223114,40.73921967,7,0.5,0.5,1,0,9.3
2,3.5,-73.99484253,40.75024033,-74.01525879,40.71550751,13.5,0.5,0.5,2.95,0,17.75
1,1.5,-73.97962189,40.76451111,-73.99165344,40.74942398,9.5,0.5,0.5,5,0,15.8
5,0,-74.01187897,40.70795059,-74.01187897,40.70795059,2.5,0.5,0.5,0,23.5,27.3
2,0.8,-73.9863739,40.75985336,-73.98269653,40.7690239,5,0.5,0.5,0,0,6.3
1,2.57,-73.97615051,40.75128174,-74.00760651,40.74087906,11.5,0.5,0.5,2.4,0,15.2
1,2,-73.99728394,40.73687744,-73.97396851,40.74909973,10,0.5,0.5,2.26,0,13.56
1,0.5,-73.9642868,40.7755661,-73.96153259,40.77140808,4.5,0.5,0.5,0,0,5.8
1,0.52,-73.95087433,40.77473831,-73.95471954,40.7792244,3.5,0.5,0.5,0,0,4.8
1,0.44,-73.99175262,40.72954178,-73.99385834,40.7265358,4,0.5,0.5,0,0,5.3
1,1.46,-73.98722839,40.73589706,-73.99761963,40.72086334,7.5,0.5,0.5,1,0,9.8
1,0.93,-73.99326324,40.75210953,-73.9855423,40.75555038,6.5,0.5,0.5,0,0,7.8
1,0.7,0,0,0,0,4.5,0.5,0.5,1.16,0,6.96
1,2.6,-73.97780609,40.7521553,-74.00839233,40.7326622,12,0.5,0.5,2.65,0,15.95
1,4.1,-73.9883194,40.76425934,-73.97799683,40.72520065,16.5,0.5,0.5,3.4,0,21.2
1,0.45,-74.0138855,40.7065773,-74.01028442,40.71191406,3.5,0.5,0.5,0.8,0,5.6
5,0.98,-73.98233032,40.76187134,-73.97138214,40.76290131,6,0.5,0.5,0,0,7.3
1,2.37,0,0,0,0,10,0.5,0.5,2.62,0,13.92
1,2.3,-73.98622131,40.76708221,-74.00462341,40.7375412,10,0.5,0.5,1.5,0,12.8
1,5.52,-73.99324036,40.72003937,-73.99340057,40.66049957,20.5,0.5,0.5,5.25,0,27.05
1,2.76,-73.98013306,40.76021576,-73.95069122,40.78311539,10,0.5,0.5,1,0,12.3